{
    "system_architecture": {
        "frontend": {
            "framework": "React.js",
            "key_libraries": {
                "state_management": "Redux Toolkit",
                "animations": "Framer Motion",
                "styling": "TailwindCSS",
                "data_fetching": "React Query",
                "maps": "React Map GL",
                "drag_and_drop": "React DnD"
            },
            "components": {
                "common": [
                    "GlassmorphicCard",
                    "NeumorphicButton",
                    "AnimatedDestinationCard",
                    "WorldMap",
                    "VideoBackground",
                    "TimelineBuilder"
                ],
                "pages": [
                    "LandingPage",
                    "Dashboard",
                    "TripBuilder",
                    "PackingChecklist",
                    "SocialSharing"
                ]
            }
        },
        "backend": {
            "framework": "Laravel (PHP 8.2)",
            "database": "MySQL 8.0",
            "caching": "Redis",
            "authentication": "JWT",
            "pdf_generation": "TCPDF",
            "api_endpoints": {
                "auth": [
                    "POST /api/auth/register",
                    "POST /api/auth/login",
                    "POST /api/auth/refresh",
                    "POST /api/auth/logout"
                ],
                "trips": [
                    "GET /api/trips",
                    "POST /api/trips",
                    "GET /api/trips/{id}",
                    "PUT /api/trips/{id}",
                    "DELETE /api/trips/{id}"
                ],
                "itineraries": [
                    "GET /api/itineraries/{trip_id}",
                    "POST /api/itineraries",
                    "PUT /api/itineraries/{id}",
                    "DELETE /api/itineraries/{id}"
                ]
            }
        },
        "external_integrations": {
            "weather_api": {
                "provider": "OpenWeatherMap",
                "endpoints": [
                    "GET /weather",
                    "GET /forecast"
                ],
                "caching_strategy": "1 hour TTL"
            },
            "currency_api": {
                "provider": "Fixer.io",
                "endpoints": [
                    "GET /latest",
                    "GET /convert"
                ],
                "caching_strategy": "24 hours TTL"
            },
            "maps_api": {
                "provider": "Google Maps Platform",
                "services": [
                    "Directions API",
                    "Places API",
                    "Geocoding API"
                ]
            }
        },
        "security": {
            "authentication": {
                "type": "JWT",
                "token_expiry": "1 hour",
                "refresh_token_expiry": "7 days"
            },
            "data_protection": {
                "password_hashing": "Bcrypt",
                "input_validation": "Laravel Validator",
                "csrf_protection": true,
                "rate_limiting": {
                    "public_api": "60 requests/minute",
                    "authenticated_api": "120 requests/minute"
                }
            }
        },
        "performance_optimization": {
            "caching_strategy": {
                "database_queries": "Redis",
                "api_responses": "Redis",
                "static_assets": "CDN"
            },
            "lazy_loading": {
                "images": true,
                "components": true,
                "routes": true
            }
        }
    }
}